id,name,location,state,riverBasin,latitude,longitude,region,type,subtype,capacityMw,currentGenMw,minDispatchMw,maxDispatchMw,voltageKv,unitsCount,unitDetails,fuelType,operator,description,status,curtailed,corridorTarget
SRC-UKAI,Ukai Dam Hydro Power Plant (Vallabh Sagar),Songadh / Tapi District,Gujarat,Tapi River,21.25,73.58,WR,HYDRO_DAM,Storage Reservoir Hydro,300,240,50,300,220,4,4 x 75 MW Francis Turbines (BHEL),Hydro,Gujarat State Electricity Corporation Limited (GSECL),Multipurpose earth-cum-masonry dam on Tapi river. Provides rapid peaking power irrigation and flood mitigation to Surat downstream.,ONLINE,false,SNK-SURAT
SRC-SARDAR-SAROVAR,Sardar Sarovar Dam Hydro Project (Narmada Hydro),Kevadia / Narmada District,Gujarat,Narmada River,21.83,73.75,WR,HYDRO_DAM,Underground RBPH & Canal Head Station,1450,1180,250,1450,400,11,6 x 200 MW RBPH Francis Turbines + 5 x 50 MW CHPH Kaplan Turbines,Hydro,Sardar Sarovar Narmada Nigam Ltd (SSNNL) / NCA,Monumental gravity dam on Narmada River with 1200 MW underground pumped-storage capable river bed power station. Shared between Gujarat MP and Maharashtra.,ONLINE,false,SNK-AHMEDABAD
SRC-TEHRI,Tehri Hydro & Pumped Storage Complex,New Tehri / Garhwal,Uttarakhand,Bhagirathi River,30.37,78.48,NR,HYDRO_PSP,Peaking & Pumped Storage Plant,2400,1450,400,2400,400,8,4 x 250 MW HPP + 4 x 250 MW Reversible PSP,Hydro,THDC India Limited,India's highest dam (260.5m) and primary AGC secondary frequency control asset for the Northern Regional Grid.,ONLINE,false,SNK-DELHI
SRC-KOYNA,Koyna Hydroelectric Project,Koynanagar / Satara District,Maharashtra,Koyna River,17.40,73.75,WR,HYDRO_DAM,High-Head Underground Peaking Complex,1960,1250,200,1960,400,16,Stage I-IV Underground Pelton & Francis Turbines,Hydro,Mahagenco,Largest completed hydroelectric plant in India providing rapid peaking power to Mumbai & Pune grid.,ONLINE,false,SNK-MUMBAI
SRC-BHAKRA,Bhakra Nangal Hydroelectric Project,Bilaspur / Nangal,Himachal Pradesh,Sutlej River,31.41,76.43,NR,HYDRO_DAM,Concrete Gravity Dam Complex,1325,1150,300,1325,400,10,5 x 108 MW Left Bank + 5 x 157 MW Right Bank Turbines,Hydro,Bhakra Beas Management Board (BBMB),Historic landmark gravity dam on Sutlej river supplying baseline hydro dispatch to Punjab Haryana Rajasthan and Delhi.,ONLINE,false,SNK-DELHI
SRC-NATHPA,Nathpa Jhakri Hydroelectric Station,Shimla / Kinnaur District,Himachal Pradesh,Satluj River,31.56,77.97,NR,HYDRO_DAM,Run-of-the-River Underground Station,1500,1380,250,1500,400,6,6 x 250 MW Vertical Francis Turbines,Hydro,SJVN Limited (Govt of India & HP),Country's largest underground run-of-the-river hydroelectric plant featuring one of the world's deepest desilting chambers.,ONLINE,false,SNK-DELHI
SRC-SRISAILAM,Srisailam Hydro Power Complex,Srisailam / Kurnool & Nagarkurnool,Andhra Pradesh,Krishna River,16.08,78.89,SR,HYDRO_PSP,Left & Right Bank Peaking Complex,1670,1220,200,1670,400,13,6 x 150 MW Reversible Left Bank PSP + 7 x 110 MW Right Bank Turbines,Hydro,APGENCO / TSGENCO,Deep gorge reservoir dam on Krishna river operating massive reversible Francis pump-turbines for Southern grid frequency stabilization.,ONLINE,false,SNK-HYDERABAD
SRC-NAGARJUNA,Nagarjuna Sagar Hydroelectric Station,Nalgonda & Guntur Districts,Telangana,Krishna River,16.57,79.31,SR,HYDRO_PSP,Masonry Gravity Dam & Pumped Storage,816,680,100,816,220,8,1 x 110 MW Conventional + 7 x 100 MW Reversible Francis Turbines,Hydro,TSGENCO,Pioneering pumped storage hydro installation in Southern India providing rapid sub-minute black-start capability.,ONLINE,false,SNK-HYDERABAD
SRC-IDUKKI,Idukki Hydroelectric Project,Vazhathope / Idukki District,Kerala,Periyar River,9.85,76.97,SR,HYDRO_DAM,Double Curvature Arch Dam & Underground Station,780,620,100,780,220,6,6 x 130 MW High-Head Pelton Wheel Turbines (Moolamattom),Hydro,Kerala State Electricity Board (KSEB),Iconic double-curvature thin arch dam constructed between Kuravan and Kurathi granite hills powering Kerala's industrial heartland.,ONLINE,false,SNK-KOCHI
SRC-INDIRA-SAGAR,Indira Sagar Hydro Power Project,Narmadanagar / Khandwa District,Madhya Pradesh,Narmada River,22.28,76.47,WR,HYDRO_DAM,Concrete Gravity Reservoir Station,1000,840,150,1000,400,8,8 x 125 MW Francis Turbines,Hydro,Narmada Hydroelectric Development Corp (NHDC / NHPC),Largest reservoir capacity dam in India with 12.22 billion cubic meters of storage supplying dispatchable hydro balancing to Western grid.,ONLINE,false,SNK-INDORE
SRC-SUBANSIRI,Subansiri Lower Hydroelectric Project,Gerukamukh / Dhemaji & Lower Subansiri,Arunachal Pradesh,Subansiri River,27.55,94.26,NER,HYDRO_DAM,Run-of-the-River Mega Dam,2000,1400,300,2000,400,8,8 x 250 MW Francis Turbines,Hydro,NHPC Limited,Largest hydroelectric project conceived in Northeast India providing high-capacity clean balancing to the national grid via ±800kV HVDC.,ONLINE,false,SNK-GUWAHATI
SRC-PURULIA-PSP,Purulia Pumped Storage Project,Ayodhya Hills / Purulia District,West Bengal,Kistobazar Nallah,23.19,86.09,ER,HYDRO_PSP,Pure Closed-Loop Pumped Storage,900,720,0,900,400,4,4 x 225 MW Reversible Pump-Turbine Motor-Generators,Hydro,West Bengal State Electricity Distribution Co (WBSEDCL),Premier 900 MW peaking pumped storage asset in Eastern India providing round-the-clock spinning reserves and renewable absorption.,ONLINE,false,SNK-KOLKATA
SRC-KAKRAPAR,Kakrapar Atomic Power Station (KAPS),Vyara / Mandvi / Tapi District,Gujarat,Tapi River,21.24,73.35,WR,NUCLEAR_BASE,Pressurized Heavy Water Reactor (PHWR),1840,1800,1600,1840,400,4,2 x 220 MWe + 2 x 700 MWe First Indigenous PHWRs,Natural Uranium (UO2),Nuclear Power Corporation of India Limited (NPCIL),India's landmark nuclear power facility hosting the nation's first twin 700 MWe indigenous PHWR reactors providing continuous zero-carbon baseload.,ONLINE,false,SNK-HAZIRA
SRC-TARAPUR,Tarapur Atomic Power Station (TAPS),Boisar / Palghar District,Maharashtra,Arabian Sea Coast,19.83,72.65,WR,NUCLEAR_BASE,BWR & PHWR Nuclear Plant,1400,1350,1200,1400,400,4,2 x 160 MW BWR + 2 x 540 MW PHWR,Enriched & Natural Uranium,NPCIL,Oldest commercial nuclear power station in India feeding Mumbai Metropolitan Region and industrial Thane-Belapur belt.,ONLINE,false,SNK-MUMBAI
SRC-KUDANKULAM,Kudankulam Nuclear Power Plant (KKNPP),Radhapuram / Tirunelveli District,Tamil Nadu,Gulf of Mannar Coast,8.17,77.71,SR,NUCLEAR_BASE,VVER-1000 Pressurized Water Reactor,2000,1980,1800,2000,400,2,2 x 1000 MW AES-92 VVER-1000 (Light Water),Enriched Uranium (U-235),NPCIL & Rosatom,Highest capacity nuclear generation station in India supplying ultra-stable zero-carbon baseload power to Southern Grid.,ONLINE,false,SNK-BLR
SRC-KAIGA,Kaiga Generating Station,Kaiga / Karwar / Uttara Kannada,Karnataka,Kali River,14.86,74.43,SR,NUCLEAR_BASE,Pressurized Heavy Water Reactor (PHWR),880,850,750,880,400,4,4 x 220 MWe Horizontal Pressure Tube PHWRs,Natural Uranium (UO2),NPCIL,World-record-holding nuclear facility with Unit-1 operating continuously without shutdown for 962 days.,ONLINE,false,SNK-BLR
SRC-RAPS,Rajasthan Atomic Power Station (RAPS),Rawatbhata / Chittorgarh District,Rajasthan,Chambal River (Rana Pratap Sagar),24.87,75.60,NR,NUCLEAR_BASE,Pressurized Heavy Water Reactor (PHWR),1180,1120,950,1180,400,6,1 x 100 MW + 1 x 200 MW + 4 x 220 MW PHWRs,Natural Uranium (UO2),NPCIL,Pioneering PHWR nuclear energy center in northwestern India supplying baseload power across Rajasthan Haryana and Punjab.,ONLINE,false,SNK-JAIPUR
SRC-MAPS,Madras Atomic Power Station (MAPS),Kalpakkam / Chengalpattu District,Tamil Nadu,Bay of Bengal Coast,12.55,80.17,SR,NUCLEAR_BASE,Indigenous PHWR Coastal Station,440,410,350,440,230,2,2 x 220 MWe Indigenous PHWRs,Natural Uranium (UO2),NPCIL,India's first fully indigenous nuclear station equipped with undersea water intake tunnels for condenser cooling.,ONLINE,false,SNK-CHENNAI
SRC-NAPS,Narora Atomic Power Station (NAPS),Narora / Bulandshahr District,Uttar Pradesh,Ganga River,28.16,78.41,NR,NUCLEAR_BASE,Pressurized Heavy Water Reactor (PHWR),440,420,380,440,220,2,2 x 220 MWe Standardized PHWRs,Natural Uranium (UO2),NPCIL,Northern inland nuclear installation with double containment structures providing firm green baseload to Western UP and Delhi NCR.,ONLINE,false,SNK-DELHI
SRC-BHADLA,Bhadla Solar Park,Phalodi / Jodhpur District,Rajasthan,,27.53,71.91,NR,SOLAR_RE,Utility-Scale Photovoltaic Park,2245,1840,0,2245,765,18,Multi-developer utility photovoltaic modules,Solar PV,RSDCL / NTPC / Adani / Saurya Urja,One of the world's largest solar parks across 14000 acres feeding the Northern Green Energy Corridor with 765kV EHV lines.,ONLINE,false,SNK-DELHI
SRC-KHAVDA,Khavda Renewable Energy Park,Rann of Kutch (Vighakot),Gujarat,,23.85,69.73,WR,HYBRID_RE,Hybrid Wind-Solar Mega Installation,3000,2420,0,3000,765,24,Hybrid utility bifacial solar arrays + 3.0 MW onshore wind turbines,Hybrid Solar & Wind,Adani Green Energy / NTPC REL,Mega hybrid wind-solar park providing Western-to-Northern power wheeling via 765kV double-circuit lines.,ONLINE,false,SNK-MUMBAI
SRC-CHARANKA,Charanka Solar Park (Gujarat Solar Park-1),Santalpur / Patan District,Gujarat,,23.91,71.19,WR,SOLAR_RE,Multi-Developer Solar Park,790,680,0,790,400,8,Multi-developer thin film & crystalline silicon modules,Solar PV,Gujarat Power Corporation Limited (GPCL),Pioneering utility-scale solar park in India deployed across 5384 acres in Patan.,ONLINE,false,SNK-AHMEDABAD
SRC-PAVAGADA,Pavagada Solar Park (Shakti Sthala),Pavagada / Tumakuru District,Karnataka,,14.10,77.27,SR,SOLAR_RE,Utility-Scale Photovoltaic Park,2050,1710,0,2050,400,16,8 x 250 MW blocks utility PV arrays,Solar PV,Karnataka Solar Power Development Corp (KSPDCL),Southern Regional Grid anchor solar facility powering Bengaluru and southern industrial corridors.,ONLINE,false,SNK-BLR
SRC-MUPPANDAL,Muppandal Wind Energy Complex,Aralvaimozhi / Kanyakumari District,Tamil Nadu,,8.26,77.54,SR,WIND_RE,Onshore Wind Turbine Farm,1500,1120,100,1500,400,20,Over 3000 mixed capacity onshore wind turbines,Wind Kinetic,TANGEDCO / Private IPPs,Historic high-capacity wind corridor utilizing seasonal southwest monsoonal winds through the Palakkad and Aralvaimozhi mountain gaps.,ONLINE,false,SNK-CHENNAI
SRC-REWA,Rewa Ultra Mega Solar,Gurh Tehsil / Rewa District,Madhya Pradesh,,24.47,81.57,WR,SOLAR_RE,Ground-Mounted Photovoltaic Project,750,660,0,750,400,3,3 x 250 MW Grid Connected Solar Units (Mahindra / ACME / Solenergi),Solar PV,Rewa Ultra Mega Solar Limited (RUMSL / SECI),Landmark 750 MW solar park supplying 24% of its generated green electricity to the Delhi Metro Rail Corporation (DMRC).,ONLINE,false,SNK-BHOPAL
SRC-KURNOOL,Kurnool Ultra Mega Solar Park,Gani & Sakunala / Kurnool District,Andhra Pradesh,,15.68,78.28,SR,SOLAR_RE,Integrated Mega Solar Park,1000,880,0,1000,400,4,4 x 250 MW Solar PV Plant Blocks (NTPC / Softbank / Greenko),Solar PV,Andhra Pradesh Solar Power Corp (APSPCL),Spread over 5932 acres in Kurnool generating clean solar power feeding the 400kV Southern pooling substation.,ONLINE,false,SNK-HYDERABAD
SRC-KAMUTHI,Kamuthi Solar Power Project,Kamuthi / Ramanathapuram District,Tamil Nadu,,9.35,78.39,SR,SOLAR_RE,Single-Location Solar Plant,648,580,0,648,230,5,2.5 million solar modules across 2500 acres,Solar PV,Adani Green Energy Limited,Commissioned in a record 8 months as one of the world's largest single-location solar power stations at the time.,ONLINE,false,SNK-MADURAI
SRC-JAISALMER,Jaisalmer Wind Park,Amarsagar / Jaisalmer District,Rajasthan,,26.91,70.90,NR,WIND_RE,High-Yield Desert Wind Farm,1064,840,50,1064,400,12,Multiple wind turbine arrays ranging from 1.5 MW to 2.1 MW,Wind Kinetic,Suzlon Energy & Multiple IPPs,India's largest continuous onshore wind park situated in the Thar Desert harnessing hot westerly desert winds.,ONLINE,false,SNK-JAIPUR
SRC-DHOLERA,Dholera SIR Ultra Mega Solar Park,Dholera Special Investment Region,Gujarat,Gulf of Khambhat,22.25,72.19,WR,SOLAR_RE,Coastal Saline Land Solar Park,1000,820,0,1000,400,4,Utility bifacial trackers and crystalline modules,Solar PV,Gujarat Power Corporation Limited (GPCL / Tata / Torrent),Massive planned 4400 MW solar facility with Phase 1 operational on non-agricultural coastal saline land.,ONLINE,false,SNK-AHMEDABAD
SRC-ANANTHAPURAMU,Ananthapuramu Ultra Mega Solar Park,NP Kunta / Ananthapuramu District,Andhra Pradesh,,14.97,77.45,SR,SOLAR_RE,Grid-Scale Solar Power Park,1500,1280,0,1500,400,6,6 x 250 MW Solar Power Blocks,Solar PV,APSPCL / NTPC,Sprawling utility solar installation in Rayalaseema region bolstering Andhra Pradesh and southern state green energy quotas.,ONLINE,false,SNK-BLR
SRC-SINGRAULI,Singrauli Super Thermal Power Station,Shaktinagar / Sonebhadra District,Uttar Pradesh,Rihand Reservoir,24.10,82.67,NR,THERMAL_COAL,Pithead Super Thermal Plant,2000,1880,1100,2000,500,7,5 x 200 MW + 2 x 500 MW Pulverized Coal Units,Domestic Bituminous Coal,NTPC Limited,Flagship pithead power station connected via India's pioneering ±500 kV HVDC Rihand-Dadri transmission link.,ONLINE,false,SNK-DELHI
SRC-MUNDRA,Mundra Thermal Power Station,Mundra Port / Kutch,Gujarat,Gulf of Kutch Coast,22.82,69.52,WR,THERMAL_COAL,Coastal Supercritical Coal Plant,4620,3950,2200,4620,500,9,4 x 330 MW Subcritical + 5 x 660 MW Supercritical Boilers,Imported Coal,Adani Power Limited,Massive coastal supercritical coal-fired generation hub connected to western and northern grids with dedicated HVDC transmission.,ONLINE,false,SNK-SANAND
SRC-WANAKBORI,Wanakbori Thermal Power Station (WTPS),Wanakbori / Kheda District,Gujarat,Mahi River,22.88,73.36,WR,THERMAL_COAL,Inland Supercritical Coal Power Station,2270,1920,1000,2270,400,8,7 x 210 MW Subcritical + 1 x 800 MW Supercritical Unit,Domestic Coal,GSECL,Major base-load coal-fired station on the banks of Mahi river providing grid inertia and baseload stability to central Gujarat.,ONLINE,false,SNK-AHMEDABAD
SRC-VINDHYACHAL,Vindhyachal Super Thermal Power Station,Singrauli / Vindhyanagar,Madhya Pradesh,Rihand Reservoir,24.09,82.67,WR,THERMAL_COAL,Largest Thermal Power Plant in India,4760,4280,2400,4760,400,13,6 x 210 MW + 7 x 500 MW Pulverized Coal Units,Coal (NCL Pithead),NTPC Limited,India's largest thermal power station with 4760 MW installed capacity operating at high plant load factor (PLF) supporting national grid inertia.,ONLINE,false,SNK-BHOPAL
SRC-TALCHER,Talcher Super Thermal Power Station (Kaniha),Kaniha / Angul District,Odisha,Brahmani River / Samal Barrage,20.91,85.08,ER,THERMAL_COAL,Pithead Supercritical Complex,3000,2780,1500,3000,500,6,6 x 500 MW Coal-Fired Steam Turbine Generating Units,Coal (MCL Pithead),NTPC Limited,Key baseload station linked to the Southern Region via the iconic ±500 kV Talcher-Kolar HVDC bipole corridor.,ONLINE,false,SNK-BHUBANESWAR
SRC-SIPAT,Sipat Super Thermal Power Station (Rajiv Gandhi),Sipat / Bilaspur District,Chhattisgarh,Hasdeo Barrage,22.13,82.29,WR,THERMAL_COAL,Supercritical Coal-Fired Station,2980,2650,1400,2980,765,5,3 x 660 MW Supercritical + 2 x 500 MW Subcritical Units,Domestic Coal (SECL),NTPC Limited,First supercritical 765kV connected power project in India distributing stable baseload power to Western states.,ONLINE,false,SNK-RAIPUR
SRC-RAMAGUNDAM,Ramagundam Super Thermal Power Station,Peddapalli District,Telangana,Godavari River,18.75,79.51,SR,THERMAL_COAL,Pithead Base Thermal Station,2600,2350,1300,2600,400,7,3 x 200 MW + 4 x 500 MW Generating Units + 100 MW Floating Solar,Coal (SCCL),NTPC Limited,Premier power producer in South India also hosting India's largest 100 MW floating solar PV installation on its water reservoir.,ONLINE,false,SNK-HYDERABAD
SRC-KUDGI,Kudgi Super Thermal Power Project,Kudgi / Basavana Bagewadi / Vijayapura,Karnataka,Almatti Dam (Krishna River),16.71,75.88,SR,THERMAL_COAL,Supercritical Thermal Power Station,2400,2150,1200,2400,400,3,3 x 800 MW Supercritical Steam Generating Units,Domestic Coal,NTPC Limited,State-of-the-art 800 MW supercritical units serving peak industrial demands in Karnataka and Southern grid.,ONLINE,false,SNK-BLR
SRC-BARH,Barh Super Thermal Power Station,Barh / Patna District,Bihar,Ganga River,25.48,85.71,ER,THERMAL_COAL,Supercritical Coal Plant,3300,2980,1600,3300,400,5,5 x 660 MW Supercritical Generating Sets,Domestic Coal,NTPC Limited,High-capacity supercritical generating complex on the Ganges river delivering bulk power to Bihar Eastern and Northern grids.,ONLINE,false,SNK-PATNA
SRC-KORBA,Korba Super Thermal Power Plant,Jmnipali / Korba District,Chhattisgarh,Hasdeo River,22.38,82.68,WR,THERMAL_COAL,Pithead Super Thermal Station,2600,2380,1300,2600,400,7,3 x 200 MW + 4 x 500 MW Generating Units,Domestic Coal (Gevra/Dipka Mines),NTPC Limited,Consistently recognized as one of the lowest-cost baseload power stations in India with ultra-high plant load factors.,ONLINE,false,SNK-RAIPUR
SRC-DADRI,NTPC Dadri Super Thermal & Gas Power Complex,Vidyut Nagar / Gautam Buddha Nagar,Uttar Pradesh,,28.59,77.55,NR,THERMAL_COAL,Coal & Gas Combined Cycle Complex,2637,2350,1200,2637,400,10,4 x 210 MW + 2 x 490 MW Coal + 829 MW Gas Turbine Units,Coal & Natural Gas,NTPC Limited,Crucial baseload and fast-ramping gas turbine station providing uninterruptible round-the-clock power to the National Capital Delhi.,ONLINE,false,SNK-DELHI
SRC-FARAKKA,Farakka Super Thermal Power Station,Nabarun / Murshidabad District,West Bengal,Farakka Feeder Canal (Ganga),24.77,87.89,ER,THERMAL_COAL,Pithead Thermal Station,2100,1850,1000,2100,400,6,3 x 200 MW + 2 x 500 MW + 1 x 500 MW Units,Coal (Rajmahal Mines),NTPC Limited,Vital thermal baseload anchor connecting Eastern and Northeastern regional transmission systems.,ONLINE,false,SNK-KOLKATA
