id,name,category,city,state,latitude,longitude,region,peakDemandMw,baseDemandMw,currentDemandMw,loadShedPct,voltageLevelKv,connectedSubstation,discomOperator,description,status,drActive,priorityLevel
SNK-DELHI,Delhi-NCR Megacity & Commercial Hub,CITY_METRO,National Capital Region (Delhi/Noida/Gurugram),Delhi & NCR,28.61,77.23,NR,8656,7420,7420,0,66,Mayur Vihar 66/11kV Substation & Bawana 400kV,BSES Yamuna / BSES Rajdhani / TPDDL / DTL,Highest peak load density in Northern Grid. Record peak demand exceeding 8656 MW during summer heatwaves with extreme air-conditioning load swings.,NORMAL,false,TIER_1_CRITICAL
SNK-MUMBAI,Mumbai Metropolitan Region (MMR),CITY_METRO,Mumbai / Thane / Navi Mumbai,Maharashtra,19.07,72.87,WR,4300,3850,3850,0,220,Kalwa 400/220kV Receiving Station & Trombay,Adani Electricity Mumbai / Tata Power / BEST / MSEDCL,Financial capital hub supplied by Western Grid transmission lines and protected by an automated islanding scheme preventing blackout cascades.,NORMAL,false,TIER_1_CRITICAL
SNK-BLR,Bengaluru Tech & Electronics City Belt,CITY_METRO,Bengaluru Urban,Karnataka,12.97,77.59,SR,3450,3120,3120,0,220,Hoodi 400/220kV Substation & Nelamangala,BESCOM (Bangalore Electricity Supply Company),High-density technology corridor powering Electronic City Whitefield tech campuses semiconductor R&D and aerospace engineering clusters.,NORMAL,false,TIER_1_CRITICAL
SNK-AHMEDABAD,Ahmedabad Urban Area,CITY_METRO,Ahmedabad & Gandhinagar,Gujarat,23.02,72.57,WR,2800,2480,2480,0,132,Pirana 400kV Substation & Sabarmati,Torrent Power Limited / UGVCL,Commercial and administrative core of Gujarat including GIFT City International Financial Services Centre and Sabarmati high-voltage grid loop.,NORMAL,false,TIER_1_CRITICAL
SNK-SURAT,Surat Textile & Diamond City,CITY_METRO,Surat,Gujarat,21.17,72.83,WR,2100,1850,1850,0,66,Ichhapore 220kV & Surat City Gas Turbine Receiving Station,Torrent Power Limited / DGVCL,Global diamond polishing and synthetic textile manufacturing epicenter powered directly by Ukai Hydro Kakrapar Nuclear and Hazira corridors.,NORMAL,false,TIER_2_COMMERCIAL
SNK-CHENNAI,Chennai Metropolitan Area,CITY_METRO,Chennai & Suburbs,Tamil Nadu,13.08,80.27,SR,3900,3510,3510,0,230,Sriperumbudur 400kV Substation & Alamathy,TANGEDCO,Southern manufacturing hub automotive Detroit of India hyperscale submarine cable landing data centers and major container ports.,NORMAL,false,TIER_1_CRITICAL
SNK-KOLKATA,Kolkata - Howrah Metropolitan Belt,CITY_METRO,Kolkata & Howrah,West Bengal,22.57,88.36,ER,2600,2250,2250,0,132,Subhashgram 400kV Substation & Titagarh,CESC Limited / WBSEDCL,Historic trade center of Eastern India with intensive underground electric grid network and East-West Metro underwater tunnel lines.,NORMAL,false,TIER_1_CRITICAL
SNK-HYDERABAD,Hyderabad Cyberabad & HITEC City,CITY_METRO,Hyderabad & Secunderabad,Telangana,17.38,78.48,SR,3600,3150,3150,0,220,Gachibowli 400/220kV & Malkaram Substation,TSSPDCL,Major pharmaceutical software and biotechnology hub with fast-growing residential and hyperscale cloud infrastructure demand.,NORMAL,false,TIER_1_CRITICAL
SNK-PUNE,Pune Automobile & IT Hub,CITY_METRO,Pune & Pimpri-Chinchwad,Maharashtra,18.52,73.85,WR,2400,2100,2100,0,132,Chakan 400/220kV & Lonikand Substation,MSEDCL,Engineering capital and education center housing prominent automotive OEMs and Rajiv Gandhi Infotech Park at Hinjewadi.,NORMAL,false,TIER_1_CRITICAL
SNK-JAIPUR,Jaipur Heritage & Industrial Hub,CITY_METRO,Jaipur Metropolitan Area,Rajasthan,26.91,75.78,NR,1850,1580,1580,0,132,Heerapura 400/220kV Grid Substation,JVVNL (Jaipur Vidyut Vitran Nigam),State capital and tourist economic center requiring reliable power wheeling from Rajasthan's mega solar and wind corridors.,NORMAL,false,TIER_2_COMMERCIAL
SNK-LUCKNOW,Lucknow Urban & Administrative Corridor,CITY_METRO,Lucknow,Uttar Pradesh,26.84,80.94,NR,1950,1680,1680,0,132,Sarojini Nagar 220kV & Chinhat 132kV,MVVNL / UPPCL,Northern administrative capital with expanding metro railway network defense industrial corridor and high domestic residential density.,NORMAL,false,TIER_1_CRITICAL
SNK-BHOPAL,Bhopal Central Administrative City,CITY_METRO,Bhopal,Madhya Pradesh,23.25,77.41,WR,1100,940,940,0,132,Bhopal (Sukhi Sewaniya) 400/220kV Substation,MP Madhya Kshetra VVCL,Administrative capital of central India linked to Vindhyachal thermal and Indira Sagar hydro dispatch channels.,NORMAL,false,TIER_2_COMMERCIAL
SNK-PATNA,Patna Urban Core & Ganga Corridor,CITY_METRO,Patna,Bihar,25.59,85.13,ER,1250,1080,1080,0,132,Khagaul 220/132kV & Fatuha 220kV Substation,SBPDCL,Major commercial center along the Ganges river with rapid electrification of public services and Patna Metro construction.,NORMAL,false,TIER_2_COMMERCIAL
SNK-BHUBANESWAR,Bhubaneswar-Cuttack Twin City Zone,CITY_METRO,Bhubaneswar & Cuttack,Odisha,20.29,85.82,ER,1150,980,980,0,132,Mendhasal 400/220kV Grid Substation,TPCODL / OPTCL,Eastern technology education and healthcare hub powered by Talcher thermal and Balimela hydro generation feeds.,NORMAL,false,TIER_2_COMMERCIAL
SNK-GUWAHATI,Guwahati Gateway of Northeast India,CITY_METRO,Guwahati / Kamrup Metropolitan,Assam,26.14,91.73,NER,580,490,490,0,132,Amingaon 220/132kV & Sarusajai Substation,APDCL,Primary commercial gateway to the seven Northeastern states interconnected with the national grid via the high-capacity chicken neck corridor.,NORMAL,false,TIER_1_CRITICAL
SNK-KOCHI,Kochi Port & Industrial Belt,CITY_METRO,Kochi / Ernakulam,Kerala,9.93,76.26,SR,1420,1210,1210,0,110,Kalamassery 220/110kV & Brahmapuram,KSEB,Commercial capital of Kerala featuring international transshipment terminal Cochin Shipyard BPCL refinery and InfoPark.,NORMAL,false,TIER_1_CRITICAL
SNK-INDORE,Indore Commercial & Auto Hub,CITY_METRO,Indore,Madhya Pradesh,22.71,75.85,WR,1350,1180,1180,0,132,Pithampur 400/220kV & Indore South Substation,MPPKVVCL,Commercial capital of MP and cleanest city in India with extensive commercial markets textile mills and electric city bus fleet.,NORMAL,false,TIER_2_COMMERCIAL
SNK-CHANDIGARH,Chandigarh Tricity Urban Area,CITY_METRO,Chandigarh / Mohali / Panchkula,Chandigarh & Punjab,30.73,76.77,NR,950,810,810,0,66,Kishangarh 220/66kV Substation,Chandigarh Electricity Dept / PSPCL,Planned administrative center of Punjab and Haryana with high per-capita electrical consumption and modern smart grid metering.,NORMAL,false,TIER_2_COMMERCIAL
SNK-VADODARA,Vadodara Petrochemical & Engineering Hub,CITY_METRO,Vadodara,Gujarat,22.30,73.18,WR,1450,1260,1260,0,132,Koyali 220/66kV & Jambuva 220kV Substation,MGVCL / GETCO,Cultural and industrial hub hosting Gujarat Refinery heavy chemical complexes locomotive manufacturing and power transmission R&D.,NORMAL,false,TIER_2_COMMERCIAL
SNK-HAZIRA,Hazira Petrochemical & Heavy Engineering Complex,FACTORY_HEAVY_INDUSTRY,Hazira / Surat,Gujarat,21.11,72.67,WR,1650,1420,1420,0,220,Mora 220kV & Hazira Gas Receiving Substation,GETCO,One of Asia's most power-dense coastal heavy industrial zones hosting Reliance Olefins AM/NS Steel and L&T Heavy Engineering.,NORMAL,false,TIER_1_INDUSTRIAL
SNK-DAHEJ,Dahej Petroleum Chemicals & Petrochemicals Zone (PCPIR),FACTORY_HEAVY_INDUSTRY,Dahej / Bharuch,Gujarat,21.71,72.58,WR,1200,1050,1050,0,220,Dahej 220/66kV Substation,GETCO Dahej Circle,India's premier deep-water PCPIR chemical hub with energy-intensive electrolytic chlor-alkali plants ethylene crackers and LNG terminals.,NORMAL,false,TIER_1_INDUSTRIAL
SNK-SANAND,Sanand Automobile & Semiconductor Mega Hub,FACTORY_HEAVY_INDUSTRY,Sanand GIDC / Ahmedabad,Gujarat,23.00,72.38,WR,580,480,480,0,66,Sanand GIDC-II 220/66kV Substation,UGVCL / GETCO,Automobile capital of western India and epicenter of India Semiconductor Mission hosting Micron ATMP and Tata Motors EV plant.,NORMAL,false,TIER_1_INDUSTRIAL
SNK-SRIPERUMBUDUR,Sriperumbudur Electronics & Automotive Corridor,FACTORY_HEAVY_INDUSTRY,Sriperumbudur / Kanchipuram,Tamil Nadu,12.98,79.94,SR,780,690,690,0,110,Sriperumbudur 400/230/110kV Grid Substation,TANGEDCO,Global electronics contract manufacturing hub and passenger car assembly belt hosting Foxconn iPhone campus and Hyundai Motor India.,NORMAL,false,TIER_1_INDUSTRIAL
SNK-MORBI,Morbi Ceramic Tiles Industrial Cluster,FACTORY_HEAVY_INDUSTRY,Morbi,Gujarat,22.82,70.83,WR,820,720,720,0,66,Morbi-II 220/66kV Substation & Dhuva 66kV,PGVCL,Second largest ceramic cluster in the world accounting for 90% of India's tile exports with continuous high-torque electric motor loads.,NORMAL,false,TIER_2_COMMERCIAL
SNK-JAMSHEDPUR,Jamshedpur Steel & Heavy Engineering Works,FACTORY_HEAVY_INDUSTRY,Jamshedpur,Jharkhand,22.80,86.20,ER,950,860,860,0,132,Gamharia 220/132kV Substation & Tata Power Bus,Tata Power & JUSCO / DVC,Pioneering industrial steel city of India with heavy electric arc furnaces blast furnace blowers and slab rolling mills.,NORMAL,false,TIER_1_INDUSTRIAL
SNK-VISAKHAPATNAM-STEEL,Visakhapatnam Steel Plant (RINL) & Port PCPIR,FACTORY_HEAVY_INDUSTRY,Visakhapatnam,Andhra Pradesh,17.68,83.21,SR,1100,980,980,0,220,Kurmannapalem 220kV & Gajuwaka 400kV Substation,APEPDCL / APTRANSCO,Integrated shore-based steel plant (Vizag Steel) container port and petroleum refinery demanding round-the-clock uninterrupted power.,NORMAL,false,TIER_1_INDUSTRIAL
SNK-BHILAI-STEEL,Bhilai Steel Plant (SAIL) & Rail Mill Complex,FACTORY_HEAVY_INDUSTRY,Bhilai / Durg District,Chhattisgarh,21.19,81.38,WR,1050,920,920,0,220,Bhilai 220kV & Rourkela Interconnect,CSPDCL / SAIL Dedicated Grid,Sole producer of prestigious world-class long rails for Indian Railways with massive continuous blast furnace and caster electrical demand.,NORMAL,false,TIER_1_INDUSTRIAL
SNK-ROURKELA-STEEL,Rourkela Steel Plant (SAIL) Heavy Complex,FACTORY_HEAVY_INDUSTRY,Rourkela / Sundargarh,Odisha,22.22,84.85,ER,980,860,860,0,220,Tarkera 220/132kV Substation,TPWODL / OPTCL,First integrated steel plant in the public sector in India specialized in silicon steel for electrical transformers and defense grade plates.,NORMAL,false,TIER_1_INDUSTRIAL
SNK-MANESAR-AUTO,Manesar - Gurugram Automobile Corridor,FACTORY_HEAVY_INDUSTRY,Manesar / IMT Gurugram,Haryana,28.35,76.93,NR,850,730,730,0,66,Manesar 220/66kV Substation,DHBVN,Industrial Model Township hosting Maruti Suzuki integrated factory Honda Motorcycle and automotive supply chains.,NORMAL,false,TIER_1_INDUSTRIAL
SNK-ANKLESHWAR,Ankleshwar - Panoli Chemical Industrial Estate,FACTORY_HEAVY_INDUSTRY,Ankleshwar / Bharuch,Gujarat,21.62,73.00,WR,620,540,540,0,66,Ankleshwar GIDC 66/11kV Substation,DGVCL / GETCO,One of the oldest and largest chemical industrial zones in Asia with over 1500 manufacturing units for pharmaceuticals dyes and agrochemicals.,NORMAL,false,TIER_1_INDUSTRIAL
SNK-PITHAMPUR,Pithampur Special Economic Zone & Auto Belt,FACTORY_HEAVY_INDUSTRY,Pithampur / Dhar District,Madhya Pradesh,22.61,75.68,WR,540,460,460,0,66,Pithampur Sector-3 220/66kV Substation,MPPKVVCL,Known as the Detroit of Madhya Pradesh housing commercial vehicle manufacturing pharmaceutical formulation and engineering plants.,NORMAL,false,TIER_1_INDUSTRIAL
SNK-DURGAPUR,Durgapur Steel City & Heavy Alloy Plant,FACTORY_HEAVY_INDUSTRY,Durgapur / Paschim Bardhaman,West Bengal,23.52,87.31,ER,720,620,620,0,132,Durgapur Projects Limited (DPL) Bus,DVC / WBSEDCL,Heavy metallurgy and wheel-and-axle plant for Indian Railways locomotives operating heavy rolling mills on Damodar Valley grid.,NORMAL,false,TIER_1_INDUSTRIAL
SNK-BALLABGARH,Ballabgarh - Faridabad Machinery Corridor,FACTORY_HEAVY_INDUSTRY,Faridabad / Ballabgarh,Haryana,28.34,77.32,NR,640,550,550,0,66,Sector 58 Faridabad 66kV Substation,DHBVN,Heavy machinery engineering tractors electrical equipment and precision manufacturing hub on Delhi's southern industrial fringe.,NORMAL,false,TIER_1_INDUSTRIAL
SNK-DWARKA-HOUSING,Dwarka Sub-City Residential Housing Complex,RESIDENTIAL_HOUSING,Dwarka / South-West Delhi,Delhi,28.58,77.05,NR,680,520,520,0,33,Dwarka Sector 8 & Sector 14 66/11kV Substations,BSES Rajdhani Power Limited (BRPL),One of Asia's largest planned residential sub-cities with over 350 cooperative group housing societies smart rooftop solar and EV chargers.,NORMAL,false,TIER_3_DOMESTIC
SNK-NAVI-MUMBAI-HOUSING,Navi Mumbai CIDCO Residential Townships,RESIDENTIAL_HOUSING,Vashi / Nerul / Kharghar / Panvel,Maharashtra,19.03,73.02,WR,540,420,420,0,22,Nerul 100/22kV & Kharghar 220/22kV Substation,MSEDCL,Planned residential satellite city nodes featuring high-rise cooperative apartment complexes suburban railway feeds and rooftop solar.,NORMAL,false,TIER_3_DOMESTIC
SNK-WHITEFIELD-HOUSING,Whitefield Tech-Residential Apartment Corridor,RESIDENTIAL_HOUSING,Whitefield / Kadugodi / Hoodi,Karnataka,12.96,77.75,SR,480,380,380,0,11,Hoodi 66/11kV Distribution Substation,BESCOM,Dense high-rise apartment townships housing IT and engineering professionals with automated time-of-day metering and distributed solar.,NORMAL,false,TIER_3_DOMESTIC
SNK-BOPAL-HOUSING,Bopal - South Bopal - Gota Residential Housing Belt,RESIDENTIAL_HOUSING,Ahmedabad Western Suburbs,Gujarat,23.03,72.46,WR,360,280,280,0,11,Bopal 66/11kV Substation & Ghuma,Torrent Power Limited,Rapidly expanding western Ahmedabad residential high-rise belt with highest rooftop solar penetration per square kilometer in western India.,NORMAL,false,TIER_3_DOMESTIC
SNK-NOIDA-EXPRESSWAY,Noida Expressway High-Rise Townships,RESIDENTIAL_HOUSING,Noida Sectors 128-168 / Greater Noida,Uttar Pradesh,28.53,77.39,NR,590,480,480,0,33,Noida Sector 148 400/220/33kV Substation,NPCL / PVVNL,Modern high-rise residential towers and integrated township developments with continuous air conditioning demand and smart prepayment meters.,NORMAL,false,TIER_3_DOMESTIC
SNK-HINJEWADI-HOUSING,Hinjewadi Infotech Residential Townships,RESIDENTIAL_HOUSING,Hinjewadi / Wakad / Baner,Maharashtra,18.59,73.71,WR,510,410,410,0,22,Hinjewadi 220/22kV Substation,MSEDCL,High-density IT professional residential corridor adjacent to Rajiv Gandhi Infotech Park with high smart meter EV adoption.,NORMAL,false,TIER_3_DOMESTIC
SNK-MADHAPUR-HOUSING,Madhapur - Gachibowli Cyber High-Rise Corridor,RESIDENTIAL_HOUSING,HITEC City / Kondapur / Financial District,Telangana,17.44,78.38,SR,580,470,470,0,33,Madhapur 220/33kV Substation,TSSPDCL,Premium residential towers and gated communities housing Hyderabad's technology workforce with advanced smart grid distribution.,NORMAL,false,TIER_3_DOMESTIC
SNK-NEW-TOWN-KOLKATA,New Town Rajarhat Smart City & Townships,RESIDENTIAL_HOUSING,New Town / Rajarhat / Action Area I-III,West Bengal,22.58,88.47,ER,440,350,350,0,33,New Town 220/33kV GIS Substation,WBSEDCL,Planned green smart city township featuring automated solar street lighting electric vehicle fleet chargers and residential complexes.,NORMAL,false,TIER_3_DOMESTIC
SNK-DMRC-TRACTION,Delhi Metro Rail Corporation (DMRC) Electric Traction,TRANSIT_CRITICAL_INFRA,Delhi-NCR Metro Network,Delhi,28.63,77.21,NR,320,260,260,0,25,Kashmere Gate 66/25kV & Yamuna Bank Substations,DMRC Traction / DTL,Vital public transit lifeline ferrying 6 million daily passengers across NCR. Exempt from all ordinary load-shedding with dual redundant supply.,NORMAL,false,TIER_0_LIFELINE
SNK-MUMBAI-DATA-CENTERS,Navi Mumbai Airoli - Mahape Data Center Campus,TRANSIT_CRITICAL_INFRA,Airoli / Mahape / TTC Industrial Area,Maharashtra,19.16,73.00,WR,420,390,390,0,100,Airoli 220/100kV Substation & Kalwa Loop,MSEDCL Dedicated Express Feeders,Largest cloud and AI hyperscale data center cluster in India with 24/7 flat baseload demand dual 100 kV grid feeds and BESS storage.,NORMAL,false,TIER_0_LIFELINE
SNK-JNPT-PORT,Jawaharlal Nehru Port Trust (JNPT) & Nhava Sheva,TRANSIT_CRITICAL_INFRA,Nhava Sheva / Navi Mumbai,Maharashtra,18.95,72.95,WR,280,240,240,0,33,JNPT 110/33kV Dedicated Substation,MSEDCL / Port Authority,India's premier container transshipment port handling over 50% of the nation's containerized cargo with electric quay cranes and cold ironing.,NORMAL,false,TIER_0_LIFELINE
SNK-WESTERN-DFC,Western Dedicated Freight Corridor (WDFC) Electric Traction,TRANSIT_CRITICAL_INFRA,WDFC Railway Corridor (Dadri to JNPT),Rajasthan & Gujarat,24.58,73.71,WR,450,380,380,0,25,Dedicated 132/25kV Traction Power Substations,DFCCIL / Ministry of Railways,High-speed freight railway corridor linking northern industrial hinterland to western ports powered by high-efficiency 2x25kV AC traction.,NORMAL,false,TIER_0_LIFELINE
SNK-CHENNAI-DC,Chennai Ambattur Hyperscale Data Center Park,TRANSIT_CRITICAL_INFRA,Ambattur Industrial Estate / Siruseri,Tamil Nadu,13.11,80.15,SR,380,350,350,0,110,Ambattur 230/110kV GIS Substation,TANGEDCO,Critical coastal data center hub hosting international undersea fiber landings and ultra-high-density enterprise cloud infrastructure.,NORMAL,false,TIER_0_LIFELINE
SNK-BMRCL-METRO,Namma Metro (Bengaluru Metro) Electric Traction,TRANSIT_CRITICAL_INFRA,Bengaluru Metro Lines,Karnataka,12.97,77.56,SR,190,150,150,0,33,Peenya & Baiyappanahalli 66/33kV Traction Substations,BESCOM / BMRCL,Rapid transit rail network serving Bengaluru commuters with regenerative braking feeds returning power back into the local 33kV grid.,NORMAL,false,TIER_0_LIFELINE
